{
  "resourceType" : "Bundle",
  "id" : "312fb363-1f07-4b37-b73f-4360bfae8e7c",
  "meta" : {
    "lastUpdated" : "2022-05-13T14:52:51.742+00:00"
  },
  "type" : "collection",
  "entry" : [{
    "fullUrl" : "https://costateixeira.github.io/be-medication-concepts/ValueSet/be-marketingauthorization-holder-vs",
    "resource" : {
      "resourceType" : "ValueSet",
      "id" : "be-marketingauthorization-holder-vs",
      "text" : {
        "status" : "generated",
        "div" : "<div xmlns=\"http://www.w3.org/1999/xhtml\"><p>This value set contains 3 concepts</p><p style=\"border: black 1px dotted; background-color: #EEEEEE; padding: 8px; margin-bottom: 8px\">Expansion based on <a href=\"CodeSystem-be-marketingauthorization-holder-cs.html\">Marketing Authorization Holder Code System v1.0.0 (CodeSystem)</a></p><p>All codes in this table are from the system <a href=\"CodeSystem-be-marketingauthorization-holder-cs.html\"><code>https://costateixeira.github.io/be-medication-concepts/CodeSystem/be-marketingauthorization-holder-cs</code></a></p><table class=\"codes\"><tr><td style=\"white-space:nowrap\"><b>Code</b></td><td><b>Display</b></td></tr><tr><td style=\"white-space:nowrap\"><a name=\"https---costateixeira.github.io-be-medication-concepts-CodeSystem-be-marketingauthorization-holder-cs-000001\"> </a>  <a href=\"CodeSystem-be-marketingauthorization-holder-cs.html#be-marketingauthorization-holder-cs-000001\">000001</a></td><td>AstraZeneca</td></tr><tr><td style=\"white-space:nowrap\"><a name=\"https---costateixeira.github.io-be-medication-concepts-CodeSystem-be-marketingauthorization-holder-cs-000002\"> </a>  <a href=\"CodeSystem-be-marketingauthorization-holder-cs.html#be-marketingauthorization-holder-cs-000002\">000002</a></td><td>Pfizer</td></tr><tr><td style=\"white-space:nowrap\"><a name=\"https---costateixeira.github.io-be-medication-concepts-CodeSystem-be-marketingauthorization-holder-cs-000003\"> </a>  <a href=\"CodeSystem-be-marketingauthorization-holder-cs.html#be-marketingauthorization-holder-cs-000003\">000003</a></td><td>Bayer</td></tr></table></div>"
      },
      "url" : "https://costateixeira.github.io/be-medication-concepts/ValueSet/be-marketingauthorization-holder-vs",
      "version" : "1.0.0",
      "name" : "BeMAHolderVS",
      "title" : "Marketing Authorization Holder Value Set",
      "status" : "active",
      "date" : "2022-05-13T14:52:51+00:00",
      "publisher" : "My Organization",
      "contact" : [{
        "name" : "My Organization",
        "telecom" : [{
          "system" : "url",
          "value" : "http://example.com/committees"
        },
        {
          "system" : "email",
          "value" : "my-group@example.com"
        }]
      },
      {
        "name" : "Bob Smith",
        "telecom" : [{
          "system" : "email",
          "value" : "bobsmith@example.com",
          "use" : "work"
        }]
      }],
      "description" : "Indicates the Marketing Authorization Holder of a product",
      "jurisdiction" : [{
        "coding" : [{
          "system" : "http://unstats.un.org/unsd/methods/m49/m49.htm",
          "code" : "001",
          "display" : "World"
        }]
      }],
      "expansion" : {
        "identifier" : "urn:uuid:4d37631d-6d5a-4033-8f92-66ac1b5719c0",
        "timestamp" : "2022-05-13T14:53:41+00:00",
        "total" : 3,
        "parameter" : [{
          "name" : "excludeNested",
          "valueBoolean" : false
        },
        {
          "name" : "version",
          "valueUri" : "https://costateixeira.github.io/be-medication-concepts/CodeSystem/be-marketingauthorization-holder-cs|1.0.0"
        }],
        "contains" : [{
          "system" : "https://costateixeira.github.io/be-medication-concepts/CodeSystem/be-marketingauthorization-holder-cs",
          "code" : "000001",
          "display" : "AstraZeneca"
        },
        {
          "system" : "https://costateixeira.github.io/be-medication-concepts/CodeSystem/be-marketingauthorization-holder-cs",
          "code" : "000002",
          "display" : "Pfizer"
        },
        {
          "system" : "https://costateixeira.github.io/be-medication-concepts/CodeSystem/be-marketingauthorization-holder-cs",
          "code" : "000003",
          "display" : "Bayer"
        }]
      }
    }
  },
  {
    "fullUrl" : "https://costateixeira.github.io/be-medication-concepts/ValueSet/be-marketingauthorization-vs",
    "resource" : {
      "resourceType" : "ValueSet",
      "id" : "be-marketingauthorization-vs",
      "text" : {
        "status" : "generated",
        "div" : "<div xmlns=\"http://www.w3.org/1999/xhtml\"><p>This value set contains 2 concepts</p><p style=\"border: black 1px dotted; background-color: #EEEEEE; padding: 8px; margin-bottom: 8px\">Expansion based on <a href=\"CodeSystem-be-marketingauthorization-cs.html\">Marketing Authorization Code System v1.0.0 (CodeSystem)</a></p><p>All codes in this table are from the system <a href=\"CodeSystem-be-marketingauthorization-cs.html\"><code>https://costateixeira.github.io/be-medication-concepts/CodeSystem/be-marketingauthorization-cs</code></a></p><table class=\"codes\"><tr><td style=\"white-space:nowrap\"><b>Code</b></td><td><b>Display</b></td></tr><tr><td style=\"white-space:nowrap\"><a name=\"https---costateixeira.github.io-be-medication-concepts-CodeSystem-be-marketingauthorization-cs-000001\"> </a>  <a href=\"CodeSystem-be-marketingauthorization-cs.html#be-marketingauthorization-cs-000001\">000001</a></td><td>ABCD0123</td></tr><tr><td style=\"white-space:nowrap\"><a name=\"https---costateixeira.github.io-be-medication-concepts-CodeSystem-be-marketingauthorization-cs-000002\"> </a>  <a href=\"CodeSystem-be-marketingauthorization-cs.html#be-marketingauthorization-cs-000002\">000002</a></td><td>XDFG9876</td></tr></table></div>"
      },
      "url" : "https://costateixeira.github.io/be-medication-concepts/ValueSet/be-marketingauthorization-vs",
      "version" : "1.0.0",
      "name" : "BeMAVS",
      "title" : "Marketing Authorization Value Set",
      "status" : "active",
      "date" : "2022-05-13T14:52:51+00:00",
      "publisher" : "My Organization",
      "contact" : [{
        "name" : "My Organization",
        "telecom" : [{
          "system" : "url",
          "value" : "http://example.com/committees"
        },
        {
          "system" : "email",
          "value" : "my-group@example.com"
        }]
      },
      {
        "name" : "Bob Smith",
        "telecom" : [{
          "system" : "email",
          "value" : "bobsmith@example.com",
          "use" : "work"
        }]
      }],
      "description" : "Indicates the Marketing Authorization for a product",
      "jurisdiction" : [{
        "coding" : [{
          "system" : "http://unstats.un.org/unsd/methods/m49/m49.htm",
          "code" : "001",
          "display" : "World"
        }]
      }],
      "expansion" : {
        "identifier" : "urn:uuid:cfa45226-13d5-494e-a5f7-da57c0cc5754",
        "timestamp" : "2022-05-13T14:53:41+00:00",
        "total" : 2,
        "parameter" : [{
          "name" : "excludeNested",
          "valueBoolean" : false
        },
        {
          "name" : "version",
          "valueUri" : "https://costateixeira.github.io/be-medication-concepts/CodeSystem/be-marketingauthorization-cs|1.0.0"
        }],
        "contains" : [{
          "system" : "https://costateixeira.github.io/be-medication-concepts/CodeSystem/be-marketingauthorization-cs",
          "code" : "000001",
          "display" : "ABCD0123"
        },
        {
          "system" : "https://costateixeira.github.io/be-medication-concepts/CodeSystem/be-marketingauthorization-cs",
          "code" : "000002",
          "display" : "XDFG9876"
        }]
      }
    }
  },
  {
    "fullUrl" : "https://costateixeira.github.io/be-medication-concepts/ValueSet/medication-vs",
    "resource" : {
      "resourceType" : "ValueSet",
      "id" : "medication-vs",
      "text" : {
        "status" : "generated",
        "div" : "<div xmlns=\"http://www.w3.org/1999/xhtml\"><p>This value set contains 4 concepts</p><p style=\"border: black 1px dotted; background-color: #EEEEEE; padding: 8px; margin-bottom: 8px\">Expansion based on <a href=\"CodeSystem-beingredient-cs.html\">Ingredient Code System v1.0.0 (CodeSystem)</a></p><p>All codes in this table are from the system <a href=\"CodeSystem-beingredient-cs.html\"><code>https://costateixeira.github.io/be-medication-concepts/CodeSystem/beingredient-cs</code></a></p><table class=\"codes\"><tr><td style=\"white-space:nowrap\"><b>Code</b></td><td><b>Display</b></td></tr><tr><td style=\"white-space:nowrap\"><a name=\"https---costateixeira.github.io-be-medication-concepts-CodeSystem-beingredient-cs-000001\"> </a>  <a href=\"CodeSystem-beingredient-cs.html#beingredient-cs-000001\">000001</a></td><td>Paracetamol</td></tr><tr><td style=\"white-space:nowrap\"><a name=\"https---costateixeira.github.io-be-medication-concepts-CodeSystem-beingredient-cs-000002\"> </a>  <a href=\"CodeSystem-beingredient-cs.html#beingredient-cs-000002\">000002</a></td><td>Insuline lispro</td></tr><tr><td style=\"white-space:nowrap\"><a name=\"https---costateixeira.github.io-be-medication-concepts-CodeSystem-beingredient-cs-000003\"> </a>  <a href=\"CodeSystem-beingredient-cs.html#beingredient-cs-000003\">000003</a></td><td>Tramadol</td></tr><tr><td style=\"white-space:nowrap\"><a name=\"https---costateixeira.github.io-be-medication-concepts-CodeSystem-beingredient-cs-000004\"> </a>  <a href=\"CodeSystem-beingredient-cs.html#beingredient-cs-000004\">000004</a></td><td>Rosuvastatin</td></tr></table></div>"
      },
      "url" : "https://costateixeira.github.io/be-medication-concepts/ValueSet/medication-vs",
      "version" : "1.0.0",
      "name" : "BeMedicationVS",
      "title" : "Ingredient  Value Set",
      "status" : "active",
      "date" : "2022-05-13T14:52:51+00:00",
      "publisher" : "My Organization",
      "contact" : [{
        "name" : "My Organization",
        "telecom" : [{
          "system" : "url",
          "value" : "http://example.com/committees"
        },
        {
          "system" : "email",
          "value" : "my-group@example.com"
        }]
      },
      {
        "name" : "Bob Smith",
        "telecom" : [{
          "system" : "email",
          "value" : "bobsmith@example.com",
          "use" : "work"
        }]
      }],
      "description" : "Indicates the ingredient inside a product",
      "jurisdiction" : [{
        "coding" : [{
          "system" : "http://unstats.un.org/unsd/methods/m49/m49.htm",
          "code" : "001",
          "display" : "World"
        }]
      }],
      "expansion" : {
        "identifier" : "urn:uuid:5ee67545-6c74-436e-adf2-20da0d772966",
        "timestamp" : "2022-05-13T14:53:41+00:00",
        "total" : 4,
        "parameter" : [{
          "name" : "excludeNested",
          "valueBoolean" : false
        },
        {
          "name" : "version",
          "valueUri" : "https://costateixeira.github.io/be-medication-concepts/CodeSystem/beingredient-cs|1.0.0"
        }],
        "contains" : [{
          "system" : "https://costateixeira.github.io/be-medication-concepts/CodeSystem/beingredient-cs",
          "code" : "000001",
          "display" : "Paracetamol"
        },
        {
          "system" : "https://costateixeira.github.io/be-medication-concepts/CodeSystem/beingredient-cs",
          "code" : "000002",
          "display" : "Insuline lispro"
        },
        {
          "system" : "https://costateixeira.github.io/be-medication-concepts/CodeSystem/beingredient-cs",
          "code" : "000003",
          "display" : "Tramadol"
        },
        {
          "system" : "https://costateixeira.github.io/be-medication-concepts/CodeSystem/beingredient-cs",
          "code" : "000004",
          "display" : "Rosuvastatin"
        }]
      }
    }
  },
  {
    "fullUrl" : "https://costateixeira.github.io/be-medication-concepts/ValueSet/be-role-medication-vs",
    "resource" : {
      "resourceType" : "ValueSet",
      "id" : "be-role-medication-vs",
      "text" : {
        "status" : "generated",
        "div" : "<div xmlns=\"http://www.w3.org/1999/xhtml\"><p>This value set contains 3 concepts</p><p style=\"border: black 1px dotted; background-color: #EEEEEE; padding: 8px; margin-bottom: 8px\">Expansion based on <a href=\"CodeSystem-be-rolemed-cs.html\">Role Code System v1.0.0 (CodeSystem)</a></p><p>All codes in this table are from the system <a href=\"CodeSystem-be-rolemed-cs.html\"><code>https://costateixeira.github.io/be-medication-concepts/CodeSystem/be-rolemed-cs</code></a></p><table class=\"codes\"><tr><td style=\"white-space:nowrap\"><b>Code</b></td><td><b>Display</b></td></tr><tr><td style=\"white-space:nowrap\"><a name=\"https---costateixeira.github.io-be-medication-concepts-CodeSystem-be-rolemed-cs-AP\"> </a>  <a href=\"CodeSystem-be-rolemed-cs.html#be-rolemed-cs-AP\">AP</a></td><td>Active Principle</td></tr><tr><td style=\"white-space:nowrap\"><a name=\"https---costateixeira.github.io-be-medication-concepts-CodeSystem-be-rolemed-cs-NAP\"> </a>  <a href=\"CodeSystem-be-rolemed-cs.html#be-rolemed-cs-NAP\">NAP</a></td><td>Non-Active</td></tr><tr><td style=\"white-space:nowrap\"><a name=\"https---costateixeira.github.io-be-medication-concepts-CodeSystem-be-rolemed-cs-EXP\"> </a>  <a href=\"CodeSystem-be-rolemed-cs.html#be-rolemed-cs-EXP\">EXP</a></td><td>Excipient</td></tr></table></div>"
      },
      "url" : "https://costateixeira.github.io/be-medication-concepts/ValueSet/be-role-medication-vs",
      "version" : "1.0.0",
      "name" : "BeRoleMedicationVS",
      "title" : "Ingredient role Value Set",
      "status" : "active",
      "date" : "2022-05-13T14:52:51+00:00",
      "publisher" : "My Organization",
      "contact" : [{
        "name" : "My Organization",
        "telecom" : [{
          "system" : "url",
          "value" : "http://example.com/committees"
        },
        {
          "system" : "email",
          "value" : "my-group@example.com"
        }]
      },
      {
        "name" : "Bob Smith",
        "telecom" : [{
          "system" : "email",
          "value" : "bobsmith@example.com",
          "use" : "work"
        }]
      }],
      "description" : "Indicates the role that an ingredient takes into a product",
      "jurisdiction" : [{
        "coding" : [{
          "system" : "http://unstats.un.org/unsd/methods/m49/m49.htm",
          "code" : "001",
          "display" : "World"
        }]
      }],
      "expansion" : {
        "identifier" : "urn:uuid:1db940bf-c1ec-48fe-8e14-bbe2ba82f590",
        "timestamp" : "2022-05-13T14:53:41+00:00",
        "total" : 3,
        "parameter" : [{
          "name" : "excludeNested",
          "valueBoolean" : false
        },
        {
          "name" : "version",
          "valueUri" : "https://costateixeira.github.io/be-medication-concepts/CodeSystem/be-rolemed-cs|1.0.0"
        }],
        "contains" : [{
          "system" : "https://costateixeira.github.io/be-medication-concepts/CodeSystem/be-rolemed-cs",
          "code" : "AP",
          "display" : "Active Principle"
        },
        {
          "system" : "https://costateixeira.github.io/be-medication-concepts/CodeSystem/be-rolemed-cs",
          "code" : "NAP",
          "display" : "Non-Active"
        },
        {
          "system" : "https://costateixeira.github.io/be-medication-concepts/CodeSystem/be-rolemed-cs",
          "code" : "EXP",
          "display" : "Excipient"
        }]
      }
    }
  }]
}