<?xml version="1.0" encoding="UTF-8"?>

<ValueSet xmlns="http://hl7.org/fhir">
  <id value="be-marketingauthorization-holder-vs"/>
  <text>
    <status value="generated"/><div xmlns="http://www.w3.org/1999/xhtml"><ul><li>Include all codes defined in <a href="CodeSystem-be-marketingauthorization-holder-cs.html"><code>http://example.com/fhir/example/CodeSystem/be-marketingauthorization-holder-cs</code></a></li></ul></div>
  </text>
  <url value="http://example.com/fhir/example/ValueSet/be-marketingauthorization-holder-vs"/>
  <version value="1.0.0"/>
  <name value="BeMAHolderVS"/>
  <title value="Marketing Authorization Holder Value Set"/>
  <status value="active"/>
  <date value="2022-02-03T09:56:03+00:00"/>
  <publisher value="My Organization"/>
  <contact>
    <name value="My Organization"/>
    <telecom>
      <system value="url"/>
      <value value="http://example.com/committees"/>
    </telecom>
    <telecom>
      <system value="email"/>
      <value value="my-group@example.com"/>
    </telecom>
  </contact>
  <contact>
    <name value="Bob Smith"/>
    <telecom>
      <system value="email"/>
      <value value="bobsmith@example.com"/>
      <use value="work"/>
    </telecom>
  </contact>
  <description value="Indicates the Marketing Authorization Holder of a product"/>
  <jurisdiction>
    <coding>
      <system value="http://unstats.un.org/unsd/methods/m49/m49.htm"/>
      <code value="001"/>
      <display value="World"/>
    </coding>
  </jurisdiction>
  <compose>
    <include>
      <system value="http://example.com/fhir/example/CodeSystem/be-marketingauthorization-holder-cs"/>
    </include>
  </compose>
</ValueSet>