<?xml version="1.0" encoding="UTF-8"?><ValueSet xmlns="http://hl7.org/fhir"><id value="medication-vs"/><text><status value="generated"/><div xmlns="http://www.w3.org/1999/xhtml"><ul><li>Include all codes defined in <a href="CodeSystem-beingredient-cs.html"><code>https://costateixeira.github.io/be-medication-concepts/CodeSystem/beingredient-cs</code></a></li></ul></div></text><url value="https://costateixeira.github.io/be-medication-concepts/ValueSet/medication-vs"/><version value="1.0.0"/><name value="BeMedicationVS"/><title value="Ingredient  Value Set"/><status value="active"/><date value="2022-05-13T14:52:51+00:00"/><publisher value="My Organization"/><contact><name value="My Organization"/><telecom><system value="url"/><value value="http://example.com/committees"/></telecom><telecom><system value="email"/><value value="my-group@example.com"/></telecom></contact><contact><name value="Bob Smith"/><telecom><system value="email"/><value value="bobsmith@example.com"/><use value="work"/></telecom></contact><description value="Indicates the ingredient inside a product"/><jurisdiction><coding><system value="http://unstats.un.org/unsd/methods/m49/m49.htm"/><code value="001"/><display value="World"/></coding></jurisdiction><compose><include><system value="https://costateixeira.github.io/be-medication-concepts/CodeSystem/beingredient-cs"/></include></compose></ValueSet>