<?xml version="1.0" encoding="UTF-8"?><CodeSystem xmlns="http://hl7.org/fhir"><id value="be-marketingauthorization-cs"/><text><status value="generated"/><div xmlns="http://www.w3.org/1999/xhtml"><p>This code system http://example.com/fhir/example/CodeSystem/be-marketingauthorization-cs defines the following codes:</p><table class="codes"><tr><td style="white-space:nowrap"><b>Code</b></td><td><b>Display</b></td></tr><tr><td style="white-space:nowrap">000001<a name="be-marketingauthorization-cs-000001"> </a></td><td>ABCD0123</td></tr><tr><td style="white-space:nowrap">000002<a name="be-marketingauthorization-cs-000002"> </a></td><td>XDFG9876</td></tr></table></div></text><url value="http://example.com/fhir/example/CodeSystem/be-marketingauthorization-cs"/><version value="1.0.0"/><name value="BeMACS"/><title value="Marketing Authorization Code System"/><status value="active"/><date value="2022-04-27T10:10:54+00:00"/><publisher value="My Organization"/><contact><name value="My Organization"/><telecom><system value="url"/><value value="http://example.com/committees"/></telecom><telecom><system value="email"/><value value="my-group@example.com"/></telecom></contact><contact><name value="Bob Smith"/><telecom><system value="email"/><value value="bobsmith@example.com"/><use value="work"/></telecom></contact><description value="Codes for Marketing Authorization"/><jurisdiction><coding><system value="http://unstats.un.org/unsd/methods/m49/m49.htm"/><code value="001"/><display value="World"/></coding></jurisdiction><content value="complete"/><count value="2"/><concept><code value="000001"/><display value="ABCD0123"/></concept><concept><code value="000002"/><display value="XDFG9876"/></concept></CodeSystem>