<?xml version="1.0" encoding="UTF-8"?><StructureDefinition xmlns="http://hl7.org/fhir"><id value="AMPModel"/><text><status value="extensions"/><div xmlns="http://www.w3.org/1999/xhtml"><table border="0" cellpadding="0" cellspacing="0" style="border: 0px #F0F0F0 solid; font-size: 11px; font-family: verdana; vertical-align: top;"><tr style="border: 1px #F0F0F0 solid; font-size: 11px; font-family: verdana; vertical-align: top"><th style="vertical-align: top; text-align : left; background-color: white; border: 0px #F0F0F0 solid; padding:0px 4px 0px 4px" class="hierarchy"><a href="http://hl7.org/fhir/R4/formats.html#table" title="The logical name of the element">Name</a></th><th style="vertical-align: top; text-align : left; background-color: white; border: 0px #F0F0F0 solid; padding:0px 4px 0px 4px" class="hierarchy"><a href="http://hl7.org/fhir/R4/formats.html#table" title="Information about the use of the element">Flags</a></th><th style="vertical-align: top; text-align : left; background-color: white; border: 0px #F0F0F0 solid; padding:0px 4px 0px 4px" class="hierarchy"><a href="http://hl7.org/fhir/R4/formats.html#table" title="Minimum and Maximum # of times the the element can appear in the instance">Card.</a></th><th style="width: 100px" class="hierarchy"><a href="http://hl7.org/fhir/R4/formats.html#table" title="Reference to the type of the element">Type</a></th><th style="vertical-align: top; text-align : left; background-color: white; border: 0px #F0F0F0 solid; padding:0px 4px 0px 4px" class="hierarchy"><a href="http://hl7.org/fhir/R4/formats.html#table" title="Additional information about the element">Description &amp; Constraints</a><span style="float: right"><a href="http://hl7.org/fhir/R4/formats.html#table" title="Legend for this format"><img src="http://hl7.org/fhir/R4/help16.png" alt="doco" style="background-color: inherit"/></a></span></th></tr><tr style="border: 0px #F0F0F0 solid; padding:0px; vertical-align: top; background-color: white"><td style="vertical-align: top; text-align : left; background-color: white; border: 0px #F0F0F0 solid; padding:0px 4px 0px 4px; white-space: nowrap; background-image: url(tbl_bck1.png)" class="hierarchy"><img src="tbl_spacer.png" alt="." style="background-color: inherit" class="hierarchy"/><img src="icon_element.gif" alt="." style="background-color: white; background-color: inherit" title="Element" class="hierarchy"/> <a href="StructureDefinition-AMPModel-definitions.html#AMPModel" title="AMP logical model">AMPModel</a><a name="AMPModel"> </a></td><td style="vertical-align: top; text-align : left; background-color: white; border: 0px #F0F0F0 solid; padding:0px 4px 0px 4px" class="hierarchy"/><td style="vertical-align: top; text-align : left; background-color: white; border: 0px #F0F0F0 solid; padding:0px 4px 0px 4px" class="hierarchy"><span style="opacity: 0.5">0</span><span style="opacity: 0.5">..</span><span style="opacity: 0.5">*</span></td><td style="vertical-align: top; text-align : left; background-color: white; border: 0px #F0F0F0 solid; padding:0px 4px 0px 4px" class="hierarchy"/><td style="vertical-align: top; text-align : left; background-color: white; border: 0px #F0F0F0 solid; padding:0px 4px 0px 4px" class="hierarchy">AMP logical model</td></tr>
<tr style="border: 0px #F0F0F0 solid; padding:0px; vertical-align: top; background-color: #F7F7F7"><td style="vertical-align: top; text-align : left; background-color: #F7F7F7; border: 0px #F0F0F0 solid; padding:0px 4px 0px 4px; white-space: nowrap; background-image: url(tbl_bck10.png)" class="hierarchy"><img src="tbl_spacer.png" alt="." style="background-color: inherit" class="hierarchy"/><img src="tbl_vjoin.png" alt="." style="background-color: inherit" class="hierarchy"/><img src="icon_datatype.gif" alt="." style="background-color: #F7F7F7; background-color: inherit" title="Data Type" class="hierarchy"/> <a href="StructureDefinition-AMPModel-definitions.html#AMPModel.identifier" title="Business identifier for this medication">identifier</a><a name="AMPModel.identifier"> </a></td><td style="vertical-align: top; text-align : left; background-color: #F7F7F7; border: 0px #F0F0F0 solid; padding:0px 4px 0px 4px" class="hierarchy"/><td style="vertical-align: top; text-align : left; background-color: #F7F7F7; border: 0px #F0F0F0 solid; padding:0px 4px 0px 4px" class="hierarchy">0..*</td><td style="vertical-align: top; text-align : left; background-color: #F7F7F7; border: 0px #F0F0F0 solid; padding:0px 4px 0px 4px" class="hierarchy"><a href="http://hl7.org/fhir/R4/datatypes.html#Identifier">Identifier</a></td><td style="vertical-align: top; text-align : left; background-color: #F7F7F7; border: 0px #F0F0F0 solid; padding:0px 4px 0px 4px" class="hierarchy">Business identifier for this medication<br/></td></tr>
<tr style="border: 0px #F0F0F0 solid; padding:0px; vertical-align: top; background-color: white"><td style="vertical-align: top; text-align : left; background-color: white; border: 0px #F0F0F0 solid; padding:0px 4px 0px 4px; white-space: nowrap; background-image: url(tbl_bck11.png)" class="hierarchy"><img src="tbl_spacer.png" alt="." style="background-color: inherit" class="hierarchy"/><img src="tbl_vjoin.png" alt="." style="background-color: inherit" class="hierarchy"/><img src="icon_datatype.gif" alt="." style="background-color: white; background-color: inherit" title="Data Type" class="hierarchy"/> <a href="StructureDefinition-AMPModel-definitions.html#AMPModel.ingredient" title="Ingredient(s) that are part of the product, with therapeutical usage or not">ingredient</a><a name="AMPModel.ingredient"> </a></td><td style="vertical-align: top; text-align : left; background-color: white; border: 0px #F0F0F0 solid; padding:0px 4px 0px 4px" class="hierarchy"/><td style="vertical-align: top; text-align : left; background-color: white; border: 0px #F0F0F0 solid; padding:0px 4px 0px 4px" class="hierarchy">1..*</td><td style="vertical-align: top; text-align : left; background-color: white; border: 0px #F0F0F0 solid; padding:0px 4px 0px 4px" class="hierarchy"><a href="http://hl7.org/fhir/R4/datatypes.html#BackboneElement">BackboneElement</a></td><td style="vertical-align: top; text-align : left; background-color: white; border: 0px #F0F0F0 solid; padding:0px 4px 0px 4px" class="hierarchy">Ingredient(s) that are part of the product, with therapeutical usage or not<br/></td></tr>
<tr style="border: 0px #F0F0F0 solid; padding:0px; vertical-align: top; background-color: #F7F7F7"><td style="vertical-align: top; text-align : left; background-color: #F7F7F7; border: 0px #F0F0F0 solid; padding:0px 4px 0px 4px; white-space: nowrap; background-image: url(tbl_bck110.png)" class="hierarchy"><img src="tbl_spacer.png" alt="." style="background-color: inherit" class="hierarchy"/><img src="tbl_vline.png" alt="." style="background-color: inherit" class="hierarchy"/><img src="tbl_vjoin.png" alt="." style="background-color: inherit" class="hierarchy"/><img src="icon_datatype.gif" alt="." style="background-color: #F7F7F7; background-color: inherit" title="Data Type" class="hierarchy"/> <a href="StructureDefinition-AMPModel-definitions.html#AMPModel.ingredient.substance" title="Codification of the substance">substance</a><a name="AMPModel.ingredient.substance"> </a></td><td style="vertical-align: top; text-align : left; background-color: #F7F7F7; border: 0px #F0F0F0 solid; padding:0px 4px 0px 4px" class="hierarchy"/><td style="vertical-align: top; text-align : left; background-color: #F7F7F7; border: 0px #F0F0F0 solid; padding:0px 4px 0px 4px" class="hierarchy">1..1</td><td style="vertical-align: top; text-align : left; background-color: #F7F7F7; border: 0px #F0F0F0 solid; padding:0px 4px 0px 4px" class="hierarchy"><a href="http://hl7.org/fhir/R4/datatypes.html#CodeableConcept">CodeableConcept</a></td><td style="vertical-align: top; text-align : left; background-color: #F7F7F7; border: 0px #F0F0F0 solid; padding:0px 4px 0px 4px" class="hierarchy">Codification of the substance</td></tr>
<tr style="border: 0px #F0F0F0 solid; padding:0px; vertical-align: top; background-color: white"><td style="vertical-align: top; text-align : left; background-color: white; border: 0px #F0F0F0 solid; padding:0px 4px 0px 4px; white-space: nowrap; background-image: url(tbl_bck110.png)" class="hierarchy"><img src="tbl_spacer.png" alt="." style="background-color: inherit" class="hierarchy"/><img src="tbl_vline.png" alt="." style="background-color: inherit" class="hierarchy"/><img src="tbl_vjoin.png" alt="." style="background-color: inherit" class="hierarchy"/><img src="icon_datatype.gif" alt="." style="background-color: white; background-color: inherit" title="Data Type" class="hierarchy"/> <a href="StructureDefinition-AMPModel-definitions.html#AMPModel.ingredient.role" title="Role the substance has in this product (active principle, excipient, ...)">role</a><a name="AMPModel.ingredient.role"> </a></td><td style="vertical-align: top; text-align : left; background-color: white; border: 0px #F0F0F0 solid; padding:0px 4px 0px 4px" class="hierarchy"/><td style="vertical-align: top; text-align : left; background-color: white; border: 0px #F0F0F0 solid; padding:0px 4px 0px 4px" class="hierarchy">1..1</td><td style="vertical-align: top; text-align : left; background-color: white; border: 0px #F0F0F0 solid; padding:0px 4px 0px 4px" class="hierarchy"><a href="http://hl7.org/fhir/R4/datatypes.html#CodeableConcept">CodeableConcept</a></td><td style="vertical-align: top; text-align : left; background-color: white; border: 0px #F0F0F0 solid; padding:0px 4px 0px 4px" class="hierarchy">Role the substance has in this product (active principle, excipient, ...)</td></tr>
<tr style="border: 0px #F0F0F0 solid; padding:0px; vertical-align: top; background-color: #F7F7F7"><td style="vertical-align: top; text-align : left; background-color: #F7F7F7; border: 0px #F0F0F0 solid; padding:0px 4px 0px 4px; white-space: nowrap; background-image: url(tbl_bck100.png)" class="hierarchy"><img src="tbl_spacer.png" alt="." style="background-color: inherit" class="hierarchy"/><img src="tbl_vline.png" alt="." style="background-color: inherit" class="hierarchy"/><img src="tbl_vjoin_end.png" alt="." style="background-color: inherit" class="hierarchy"/><img src="icon_datatype.gif" alt="." style="background-color: #F7F7F7; background-color: inherit" title="Data Type" class="hierarchy"/> <a href="StructureDefinition-AMPModel-definitions.html#AMPModel.ingredient.strength" title="Strength of the substance in this product">strength</a><a name="AMPModel.ingredient.strength"> </a></td><td style="vertical-align: top; text-align : left; background-color: #F7F7F7; border: 0px #F0F0F0 solid; padding:0px 4px 0px 4px" class="hierarchy"/><td style="vertical-align: top; text-align : left; background-color: #F7F7F7; border: 0px #F0F0F0 solid; padding:0px 4px 0px 4px" class="hierarchy">1..1</td><td style="vertical-align: top; text-align : left; background-color: #F7F7F7; border: 0px #F0F0F0 solid; padding:0px 4px 0px 4px" class="hierarchy"><a href="http://hl7.org/fhir/R4/datatypes.html#Quantity">Quantity</a></td><td style="vertical-align: top; text-align : left; background-color: #F7F7F7; border: 0px #F0F0F0 solid; padding:0px 4px 0px 4px" class="hierarchy">Strength of the substance in this product</td></tr>
<tr style="border: 0px #F0F0F0 solid; padding:0px; vertical-align: top; background-color: white"><td style="vertical-align: top; text-align : left; background-color: white; border: 0px #F0F0F0 solid; padding:0px 4px 0px 4px; white-space: nowrap; background-image: url(tbl_bck10.png)" class="hierarchy"><img src="tbl_spacer.png" alt="." style="background-color: inherit" class="hierarchy"/><img src="tbl_vjoin.png" alt="." style="background-color: inherit" class="hierarchy"/><img src="icon_datatype.gif" alt="." style="background-color: white; background-color: inherit" title="Data Type" class="hierarchy"/> <a href="StructureDefinition-AMPModel-definitions.html#AMPModel.routeOfAdministration" title="The approved route of administration">routeOfAdministration</a><a name="AMPModel.routeOfAdministration"> </a></td><td style="vertical-align: top; text-align : left; background-color: white; border: 0px #F0F0F0 solid; padding:0px 4px 0px 4px" class="hierarchy"/><td style="vertical-align: top; text-align : left; background-color: white; border: 0px #F0F0F0 solid; padding:0px 4px 0px 4px" class="hierarchy">1..*</td><td style="vertical-align: top; text-align : left; background-color: white; border: 0px #F0F0F0 solid; padding:0px 4px 0px 4px" class="hierarchy"><a href="http://hl7.org/fhir/R4/datatypes.html#CodeableConcept">CodeableConcept</a></td><td style="vertical-align: top; text-align : left; background-color: white; border: 0px #F0F0F0 solid; padding:0px 4px 0px 4px" class="hierarchy">The approved route of administration<br/></td></tr>
<tr style="border: 0px #F0F0F0 solid; padding:0px; vertical-align: top; background-color: #F7F7F7"><td style="vertical-align: top; text-align : left; background-color: #F7F7F7; border: 0px #F0F0F0 solid; padding:0px 4px 0px 4px; white-space: nowrap; background-image: url(tbl_bck10.png)" class="hierarchy"><img src="tbl_spacer.png" alt="." style="background-color: inherit" class="hierarchy"/><img src="tbl_vjoin.png" alt="." style="background-color: inherit" class="hierarchy"/><img src="icon_datatype.gif" alt="." style="background-color: #F7F7F7; background-color: inherit" title="Data Type" class="hierarchy"/> <a href="StructureDefinition-AMPModel-definitions.html#AMPModel.pharmaceuticalDoseForm" title="Dose form of the product - tablet, powder, solution...">pharmaceuticalDoseForm</a><a name="AMPModel.pharmaceuticalDoseForm"> </a></td><td style="vertical-align: top; text-align : left; background-color: #F7F7F7; border: 0px #F0F0F0 solid; padding:0px 4px 0px 4px" class="hierarchy"/><td style="vertical-align: top; text-align : left; background-color: #F7F7F7; border: 0px #F0F0F0 solid; padding:0px 4px 0px 4px" class="hierarchy">1..1</td><td style="vertical-align: top; text-align : left; background-color: #F7F7F7; border: 0px #F0F0F0 solid; padding:0px 4px 0px 4px" class="hierarchy"><a href="http://hl7.org/fhir/R4/datatypes.html#CodeableConcept">CodeableConcept</a></td><td style="vertical-align: top; text-align : left; background-color: #F7F7F7; border: 0px #F0F0F0 solid; padding:0px 4px 0px 4px" class="hierarchy">Dose form of the product - tablet, powder, solution...</td></tr>
<tr style="border: 0px #F0F0F0 solid; padding:0px; vertical-align: top; background-color: white"><td style="vertical-align: top; text-align : left; background-color: white; border: 0px #F0F0F0 solid; padding:0px 4px 0px 4px; white-space: nowrap; background-image: url(tbl_bck10.png)" class="hierarchy"><img src="tbl_spacer.png" alt="." style="background-color: inherit" class="hierarchy"/><img src="tbl_vjoin.png" alt="." style="background-color: inherit" class="hierarchy"/><img src="icon_primitive.png" alt="." style="background-color: white; background-color: inherit" title="Primitive Data Type" class="hierarchy"/> <a href="StructureDefinition-AMPModel-definitions.html#AMPModel.brandName" title="Brand name of the product">brandName</a><a name="AMPModel.brandName"> </a></td><td style="vertical-align: top; text-align : left; background-color: white; border: 0px #F0F0F0 solid; padding:0px 4px 0px 4px" class="hierarchy"/><td style="vertical-align: top; text-align : left; background-color: white; border: 0px #F0F0F0 solid; padding:0px 4px 0px 4px" class="hierarchy">1..1</td><td style="vertical-align: top; text-align : left; background-color: white; border: 0px #F0F0F0 solid; padding:0px 4px 0px 4px" class="hierarchy"><a href="http://hl7.org/fhir/R4/datatypes.html#string">string</a></td><td style="vertical-align: top; text-align : left; background-color: white; border: 0px #F0F0F0 solid; padding:0px 4px 0px 4px" class="hierarchy">Brand name of the product</td></tr>
<tr style="border: 0px #F0F0F0 solid; padding:0px; vertical-align: top; background-color: #F7F7F7"><td style="vertical-align: top; text-align : left; background-color: #F7F7F7; border: 0px #F0F0F0 solid; padding:0px 4px 0px 4px; white-space: nowrap; background-image: url(tbl_bck10.png)" class="hierarchy"><img src="tbl_spacer.png" alt="." style="background-color: inherit" class="hierarchy"/><img src="tbl_vjoin.png" alt="." style="background-color: inherit" class="hierarchy"/><img src="icon_datatype.gif" alt="." style="background-color: #F7F7F7; background-color: inherit" title="Data Type" class="hierarchy"/> <a href="StructureDefinition-AMPModel-definitions.html#AMPModel.marketingAuthorizationHolder" title="Who has the marketing authorization for the market">marketingAuthorizationHolder</a><a name="AMPModel.marketingAuthorizationHolder"> </a></td><td style="vertical-align: top; text-align : left; background-color: #F7F7F7; border: 0px #F0F0F0 solid; padding:0px 4px 0px 4px" class="hierarchy"/><td style="vertical-align: top; text-align : left; background-color: #F7F7F7; border: 0px #F0F0F0 solid; padding:0px 4px 0px 4px" class="hierarchy">1..1</td><td style="vertical-align: top; text-align : left; background-color: #F7F7F7; border: 0px #F0F0F0 solid; padding:0px 4px 0px 4px" class="hierarchy"><a href="http://hl7.org/fhir/R4/datatypes.html#CodeableConcept">CodeableConcept</a></td><td style="vertical-align: top; text-align : left; background-color: #F7F7F7; border: 0px #F0F0F0 solid; padding:0px 4px 0px 4px" class="hierarchy">Who has the marketing authorization for the market</td></tr>
<tr style="border: 0px #F0F0F0 solid; padding:0px; vertical-align: top; background-color: white"><td style="vertical-align: top; text-align : left; background-color: white; border: 0px #F0F0F0 solid; padding:0px 4px 0px 4px; white-space: nowrap; background-image: url(tbl_bck00.png)" class="hierarchy"><img src="tbl_spacer.png" alt="." style="background-color: inherit" class="hierarchy"/><img src="tbl_vjoin_end.png" alt="." style="background-color: inherit" class="hierarchy"/><img src="icon_datatype.gif" alt="." style="background-color: white; background-color: inherit" title="Data Type" class="hierarchy"/> <a href="StructureDefinition-AMPModel-definitions.html#AMPModel.marketingAuthorizationNumber" title="License number for the marketing authorization">marketingAuthorizationNumber</a><a name="AMPModel.marketingAuthorizationNumber"> </a></td><td style="vertical-align: top; text-align : left; background-color: white; border: 0px #F0F0F0 solid; padding:0px 4px 0px 4px" class="hierarchy"/><td style="vertical-align: top; text-align : left; background-color: white; border: 0px #F0F0F0 solid; padding:0px 4px 0px 4px" class="hierarchy">1..1</td><td style="vertical-align: top; text-align : left; background-color: white; border: 0px #F0F0F0 solid; padding:0px 4px 0px 4px" class="hierarchy"><a href="http://hl7.org/fhir/R4/datatypes.html#CodeableConcept">CodeableConcept</a></td><td style="vertical-align: top; text-align : left; background-color: white; border: 0px #F0F0F0 solid; padding:0px 4px 0px 4px" class="hierarchy">License number for the marketing authorization</td></tr>
<tr><td colspan="5" class="hierarchy"><br/><a href="http://hl7.org/fhir/R4/formats.html#table" title="Legend for this format"><img src="http://hl7.org/fhir/R4/help16.png" alt="doco" style="background-color: inherit"/> Documentation for this format</a></td></tr></table></div></text><url value="https://costateixeira.github.io/be-medication-concepts/StructureDefinition/AMPModel"/><version value="1.0.0"/><name value="AMPModel"/><title value="AMP logical model"/><status value="active"/><date value="2022-04-28T16:52:22+00:00"/><publisher value="My Organization"/><contact><name value="My Organization"/><telecom><system value="url"/><value value="http://example.com/committees"/></telecom><telecom><system value="email"/><value value="my-group@example.com"/></telecom></contact><contact><name value="Bob Smith"/><telecom><system value="email"/><value value="bobsmith@example.com"/><use value="work"/></telecom></contact><description value="AMP logical model"/><jurisdiction><coding><system value="http://unstats.un.org/unsd/methods/m49/m49.htm"/><code value="001"/><display value="World"/></coding></jurisdiction><fhirVersion value="4.0.1"/><mapping><identity value="rim"/><uri value="http://hl7.org/v3"/><name value="RIM Mapping"/></mapping><kind value="logical"/><abstract value="false"/><type value="https://costateixeira.github.io/be-medication-concepts/StructureDefinition/AMPModel"/><baseDefinition value="http://hl7.org/fhir/StructureDefinition/Base"/><derivation value="specialization"/><snapshot><element id="AMPModel"><path value="AMPModel"/><short value="AMP logical model"/><definition value="AMP logical model"/><min value="0"/><max value="*"/><base><path value="Base"/><min value="0"/><max value="*"/></base><isModifier value="false"/></element><element id="AMPModel.identifier"><path value="AMPModel.identifier"/><short value="Business identifier for this medication"/><definition value="Business identifier for this medication"/><min value="0"/><max value="*"/><base><path value="AMPModel.identifier"/><min value="0"/><max value="*"/></base><type><code value="Identifier"/></type></element><element id="AMPModel.ingredient"><path value="AMPModel.ingredient"/><short value="Ingredient(s) that are part of the product, with therapeutical usage or not"/><definition value="Ingredient(s) that are part of the product, with therapeutical usage or not"/><min value="1"/><max value="*"/><base><path value="AMPModel.ingredient"/><min value="1"/><max value="*"/></base><type><code value="BackboneElement"/></type></element><element id="AMPModel.ingredient.substance"><path value="AMPModel.ingredient.substance"/><short value="Codification of the substance"/><definition value="Codification of the substance"/><min value="1"/><max value="1"/><base><path value="AMPModel.ingredient.substance"/><min value="1"/><max value="1"/></base><type><code value="CodeableConcept"/></type></element><element id="AMPModel.ingredient.role"><path value="AMPModel.ingredient.role"/><short value="Role the substance has in this product (active principle, excipient, ...)"/><definition value="Role the substance has in this product (active principle, excipient, ...)"/><min value="1"/><max value="1"/><base><path value="AMPModel.ingredient.role"/><min value="1"/><max value="1"/></base><type><code value="CodeableConcept"/></type></element><element id="AMPModel.ingredient.strength"><path value="AMPModel.ingredient.strength"/><short value="Strength of the substance in this product"/><definition value="Strength of the substance in this product"/><min value="1"/><max value="1"/><base><path value="AMPModel.ingredient.strength"/><min value="1"/><max value="1"/></base><type><code value="Quantity"/></type></element><element id="AMPModel.routeOfAdministration"><path value="AMPModel.routeOfAdministration"/><short value="The approved route of administration"/><definition value="The approved route of administration"/><min value="1"/><max value="*"/><base><path value="AMPModel.routeOfAdministration"/><min value="1"/><max value="*"/></base><type><code value="CodeableConcept"/></type></element><element id="AMPModel.pharmaceuticalDoseForm"><path value="AMPModel.pharmaceuticalDoseForm"/><short value="Dose form of the product - tablet, powder, solution..."/><definition value="Dose form of the product - tablet, powder, solution..."/><min value="1"/><max value="1"/><base><path value="AMPModel.pharmaceuticalDoseForm"/><min value="1"/><max value="1"/></base><type><code value="CodeableConcept"/></type></element><element id="AMPModel.brandName"><path value="AMPModel.brandName"/><short value="Brand name of the product"/><definition value="Brand name of the product"/><min value="1"/><max value="1"/><base><path value="AMPModel.brandName"/><min value="1"/><max value="1"/></base><type><code value="string"/></type></element><element id="AMPModel.marketingAuthorizationHolder"><path value="AMPModel.marketingAuthorizationHolder"/><short value="Who has the marketing authorization for the market"/><definition value="Who has the marketing authorization for the market"/><min value="1"/><max value="1"/><base><path value="AMPModel.marketingAuthorizationHolder"/><min value="1"/><max value="1"/></base><type><code value="CodeableConcept"/></type></element><element id="AMPModel.marketingAuthorizationNumber"><path value="AMPModel.marketingAuthorizationNumber"/><short value="License number for the marketing authorization"/><definition value="License number for the marketing authorization"/><min value="1"/><max value="1"/><base><path value="AMPModel.marketingAuthorizationNumber"/><min value="1"/><max value="1"/></base><type><code value="CodeableConcept"/></type></element></snapshot><differential><element id="AMPModel"><path value="AMPModel"/><short value="AMP logical model"/><definition value="AMP logical model"/></element><element id="AMPModel.identifier"><path value="AMPModel.identifier"/><short value="Business identifier for this medication"/><definition value="Business identifier for this medication"/><min value="0"/><max value="*"/><type><code value="Identifier"/></type></element><element id="AMPModel.ingredient"><path value="AMPModel.ingredient"/><short value="Ingredient(s) that are part of the product, with therapeutical usage or not"/><definition value="Ingredient(s) that are part of the product, with therapeutical usage or not"/><min value="1"/><max value="*"/><type><code value="BackboneElement"/></type></element><element id="AMPModel.ingredient.substance"><path value="AMPModel.ingredient.substance"/><short value="Codification of the substance"/><definition value="Codification of the substance"/><min value="1"/><max value="1"/><type><code value="CodeableConcept"/></type></element><element id="AMPModel.ingredient.role"><path value="AMPModel.ingredient.role"/><short value="Role the substance has in this product (active principle, excipient, ...)"/><definition value="Role the substance has in this product (active principle, excipient, ...)"/><min value="1"/><max value="1"/><type><code value="CodeableConcept"/></type></element><element id="AMPModel.ingredient.strength"><path value="AMPModel.ingredient.strength"/><short value="Strength of the substance in this product"/><definition value="Strength of the substance in this product"/><min value="1"/><max value="1"/><type><code value="Quantity"/></type></element><element id="AMPModel.routeOfAdministration"><path value="AMPModel.routeOfAdministration"/><short value="The approved route of administration"/><definition value="The approved route of administration"/><min value="1"/><max value="*"/><type><code value="CodeableConcept"/></type></element><element id="AMPModel.pharmaceuticalDoseForm"><path value="AMPModel.pharmaceuticalDoseForm"/><short value="Dose form of the product - tablet, powder, solution..."/><definition value="Dose form of the product - tablet, powder, solution..."/><min value="1"/><max value="1"/><type><code value="CodeableConcept"/></type></element><element id="AMPModel.brandName"><path value="AMPModel.brandName"/><short value="Brand name of the product"/><definition value="Brand name of the product"/><min value="1"/><max value="1"/><type><code value="string"/></type></element><element id="AMPModel.marketingAuthorizationHolder"><path value="AMPModel.marketingAuthorizationHolder"/><short value="Who has the marketing authorization for the market"/><definition value="Who has the marketing authorization for the market"/><min value="1"/><max value="1"/><type><code value="CodeableConcept"/></type></element><element id="AMPModel.marketingAuthorizationNumber"><path value="AMPModel.marketingAuthorizationNumber"/><short value="License number for the marketing authorization"/><definition value="License number for the marketing authorization"/><min value="1"/><max value="1"/><type><code value="CodeableConcept"/></type></element></differential></StructureDefinition>