{"resourceType":"CodeSystem","id":"be-marketingauthorization-cs","text":{"status":"generated","div":"<div xmlns=\"http://www.w3.org/1999/xhtml\"><p>This code system http://example.com/fhir/example/CodeSystem/be-marketingauthorization-cs defines the following codes:</p><table class=\"codes\"><tr><td style=\"white-space:nowrap\"><b>Code</b></td><td><b>Display</b></td></tr><tr><td style=\"white-space:nowrap\">000001<a name=\"be-marketingauthorization-cs-000001\"> </a></td><td>ABCD0123</td></tr><tr><td style=\"white-space:nowrap\">000002<a name=\"be-marketingauthorization-cs-000002\"> </a></td><td>XDFG9876</td></tr></table></div>"},"url":"http://example.com/fhir/example/CodeSystem/be-marketingauthorization-cs","version":"1.0.0","name":"BeMACS","title":"Marketing Authorization Code System","status":"active","date":"2022-04-27T09:49:09+00:00","publisher":"My Organization","contact":[{"name":"My Organization","telecom":[{"system":"url","value":"http://example.com/committees"},{"system":"email","value":"my-group@example.com"}]},{"name":"Bob Smith","telecom":[{"system":"email","value":"bobsmith@example.com","use":"work"}]}],"description":"Codes for Marketing Authorization","jurisdiction":[{"coding":[{"system":"http://unstats.un.org/unsd/methods/m49/m49.htm","code":"001","display":"World"}]}],"content":"complete","count":2,"concept":[{"code":"000001","display":"ABCD0123"},{"code":"000002","display":"XDFG9876"}]}