{"resourceType":"ImplementationGuide","id":"my-ig","text":{"status":"extensions","div":"<div xmlns=\"http://www.w3.org/1999/xhtml\"><h2>ExampleIG</h2><p>The official URL for this implementation guide is: </p><pre>http://example.com/fhir/example</pre><div><p>Example IG exercises many of the fields in a SUSHI configuration.</p>\n</div></div>"},"url":"http://example.com/fhir/example","version":"1.0.0","name":"ExampleIG","title":"HL7 FHIR Implementation Guide: Example IG Release 1 - US Realm | STU1","status":"active","date":"2020-02-26","publisher":"My Organization","contact":[{"name":"My Organization","telecom":[{"system":"url","value":"http://example.com/committees"},{"system":"email","value":"my-group@example.com"}]},{"name":"Bob Smith","telecom":[{"system":"email","value":"bobsmith@example.com","use":"work"}]}],"description":"Example IG exercises many of the fields in a SUSHI configuration.","jurisdiction":[{"coding":[{"system":"http://unstats.un.org/unsd/methods/m49/m49.htm","code":"001","display":"World"}]}],"packageId":"my-ig","license":"CC0-1.0","fhirVersion":["4.0.1"],"definition":{"extension":[{"extension":[{"url":"code","valueString":"copyrightyear"},{"url":"value","valueString":"2021+"}],"url":"http://hl7.org/fhir/tools/StructureDefinition/ig-parameter"},{"extension":[{"url":"code","valueString":"releaselabel"},{"url":"value","valueString":"STU1"}],"url":"http://hl7.org/fhir/tools/StructureDefinition/ig-parameter"},{"extension":[{"url":"code","valueString":"path-liquid"},{"url":"value","valueString":"template/liquid"}],"url":"http://hl7.org/fhir/tools/StructureDefinition/ig-parameter"},{"extension":[{"url":"code","valueString":"path-liquid"},{"url":"value","valueString":"input/liquid"}],"url":"http://hl7.org/fhir/tools/StructureDefinition/ig-parameter"},{"extension":[{"url":"code","valueString":"path-qa"},{"url":"value","valueString":"temp/qa"}],"url":"http://hl7.org/fhir/tools/StructureDefinition/ig-parameter"},{"extension":[{"url":"code","valueString":"path-temp"},{"url":"value","valueString":"temp/pages"}],"url":"http://hl7.org/fhir/tools/StructureDefinition/ig-parameter"},{"extension":[{"url":"code","valueString":"path-output"},{"url":"value","valueString":"output"}],"url":"http://hl7.org/fhir/tools/StructureDefinition/ig-parameter"},{"extension":[{"url":"code","valueString":"path-suppressed-warnings"},{"url":"value","valueString":"input/ignoreWarnings.txt"}],"url":"http://hl7.org/fhir/tools/StructureDefinition/ig-parameter"},{"extension":[{"url":"code","valueString":"path-history"},{"url":"value","valueString":"history.html"}],"url":"http://hl7.org/fhir/tools/StructureDefinition/ig-parameter"},{"extension":[{"url":"code","valueString":"template-html"},{"url":"value","valueString":"template-page.html"}],"url":"http://hl7.org/fhir/tools/StructureDefinition/ig-parameter"},{"extension":[{"url":"code","valueString":"template-md"},{"url":"value","valueString":"template-page-md.html"}],"url":"http://hl7.org/fhir/tools/StructureDefinition/ig-parameter"},{"extension":[{"url":"code","valueString":"apply-contact"},{"url":"value","valueString":"true"}],"url":"http://hl7.org/fhir/tools/StructureDefinition/ig-parameter"},{"extension":[{"url":"code","valueString":"apply-context"},{"url":"value","valueString":"true"}],"url":"http://hl7.org/fhir/tools/StructureDefinition/ig-parameter"},{"extension":[{"url":"code","valueString":"apply-copyright"},{"url":"value","valueString":"true"}],"url":"http://hl7.org/fhir/tools/StructureDefinition/ig-parameter"},{"extension":[{"url":"code","valueString":"apply-jurisdiction"},{"url":"value","valueString":"true"}],"url":"http://hl7.org/fhir/tools/StructureDefinition/ig-parameter"},{"extension":[{"url":"code","valueString":"apply-license"},{"url":"value","valueString":"true"}],"url":"http://hl7.org/fhir/tools/StructureDefinition/ig-parameter"},{"extension":[{"url":"code","valueString":"apply-publisher"},{"url":"value","valueString":"true"}],"url":"http://hl7.org/fhir/tools/StructureDefinition/ig-parameter"},{"extension":[{"url":"code","valueString":"apply-version"},{"url":"value","valueString":"true"}],"url":"http://hl7.org/fhir/tools/StructureDefinition/ig-parameter"},{"extension":[{"url":"code","valueString":"active-tables"},{"url":"value","valueString":"true"}],"url":"http://hl7.org/fhir/tools/StructureDefinition/ig-parameter"}],"grouping":[{"id":"-str-logicalmodel","name":"Structures: Logical Models","description":"These define data models that represent the domain covered by this implementation guide in more business-friendly terms than the underlying FHIR resources."},{"id":"-term-valueset","name":"Terminology: Value Sets","description":"These define sets of codes used by systems conforming to this implementation guide"},{"id":"-term-codesystem","name":"Terminology: Code Systems","description":"These define new code systems used by systems conforming to this implementation guide"},{"id":"-ex-example","name":"Example: Example Instances","description":"These are example instances that show what data produced and consumed by systems conforming with this implementation guide might look like"}],"resource":[{"extension":[{"url":"http://hl7.org/fhir/StructureDefinition/implementationguide-page","valueUri":"StructureDefinition-AMPModel.html"}],"reference":{"reference":"StructureDefinition/AMPModel"},"name":"AMP logical model","description":"AMP logical model","exampleBoolean":false,"groupingId":"-str-logicalmodel"},{"extension":[{"url":"http://hl7.org/fhir/StructureDefinition/implementationguide-page","valueUri":"StructureDefinition-AMPPModel.html"}],"reference":{"reference":"StructureDefinition/AMPPModel"},"name":"AMPP logical model","description":"AMPP logical model","exampleBoolean":false,"groupingId":"-str-logicalmodel"},{"extension":[{"url":"http://hl7.org/fhir/StructureDefinition/implementationguide-page","valueUri":"StructureDefinition-VMPModel.html"}],"reference":{"reference":"StructureDefinition/VMPModel"},"name":"VMP logical model","description":"VMP logical model","exampleBoolean":false,"groupingId":"-str-logicalmodel"},{"extension":[{"url":"http://hl7.org/fhir/StructureDefinition/implementationguide-page","valueUri":"ValueSet-be-marketingauthorization-holder-vs.html"}],"reference":{"reference":"ValueSet/be-marketingauthorization-holder-vs"},"name":"Marketing Authorization Holder Value Set","description":"Indicates the Marketing Authorization Holder of a product","exampleBoolean":false,"groupingId":"-term-valueset"},{"extension":[{"url":"http://hl7.org/fhir/StructureDefinition/implementationguide-page","valueUri":"ValueSet-be-marketingauthorization-vs.html"}],"reference":{"reference":"ValueSet/be-marketingauthorization-vs"},"name":"Marketing Authorization Value Set","description":"Indicates the Marketing Authorization for a product","exampleBoolean":false,"groupingId":"-term-valueset"},{"extension":[{"url":"http://hl7.org/fhir/StructureDefinition/implementationguide-page","valueUri":"ValueSet-medication-vs.html"}],"reference":{"reference":"ValueSet/medication-vs"},"name":"Ingredient  Value Set","description":"Indicates the ingredient inside a product","exampleBoolean":false,"groupingId":"-term-valueset"},{"extension":[{"url":"http://hl7.org/fhir/StructureDefinition/implementationguide-page","valueUri":"ValueSet-be-role-medication-vs.html"}],"reference":{"reference":"ValueSet/be-role-medication-vs"},"name":"Ingredient role Value Set","description":"Indicates the role that an ingredient takes into a product","exampleBoolean":false,"groupingId":"-term-valueset"},{"extension":[{"url":"http://hl7.org/fhir/StructureDefinition/implementationguide-page","valueUri":"CodeSystem-beingredient-cs.html"}],"reference":{"reference":"CodeSystem/beingredient-cs"},"name":"Ingredient Code System","description":"Codes for ingredient","exampleBoolean":false,"groupingId":"-term-codesystem"},{"extension":[{"url":"http://hl7.org/fhir/StructureDefinition/implementationguide-page","valueUri":"CodeSystem-be-marketingauthorization-cs.html"}],"reference":{"reference":"CodeSystem/be-marketingauthorization-cs"},"name":"Marketing Authorization Code System","description":"Codes for Marketing Authorization","exampleBoolean":false,"groupingId":"-term-codesystem"},{"extension":[{"url":"http://hl7.org/fhir/StructureDefinition/implementationguide-page","valueUri":"CodeSystem-be-marketingauthorization-holder-cs.html"}],"reference":{"reference":"CodeSystem/be-marketingauthorization-holder-cs"},"name":"Marketing Authorization Holder Code System","description":"Codes for Marketing Authorization Holder","exampleBoolean":false,"groupingId":"-term-codesystem"},{"extension":[{"url":"http://hl7.org/fhir/StructureDefinition/implementationguide-page","valueUri":"CodeSystem-beMedCS.html"}],"reference":{"reference":"CodeSystem/beMedCS"},"name":"Drug Code System","description":"Codes for belgian medicine level ","exampleBoolean":false,"groupingId":"-term-codesystem"},{"extension":[{"url":"http://hl7.org/fhir/StructureDefinition/implementationguide-page","valueUri":"CodeSystem-be-rolemed-cs.html"}],"reference":{"reference":"CodeSystem/be-rolemed-cs"},"name":"Role Code System","description":"Codes for role in ingredient level ","exampleBoolean":false,"groupingId":"-term-codesystem"},{"extension":[{"url":"http://hl7.org/fhir/StructureDefinition/implementationguide-page","valueUri":"Questionnaire-questionnaire-amp.html"}],"reference":{"reference":"Questionnaire/questionnaire-amp"},"name":"AMP Questionnaire","description":"Questionnaire for adding a drug level of AMP to a FHIR server","exampleBoolean":true,"groupingId":"-ex-example"},{"extension":[{"url":"http://hl7.org/fhir/StructureDefinition/implementationguide-page","valueUri":"Questionnaire-questionnaire-ampp.html"}],"reference":{"reference":"Questionnaire/questionnaire-ampp"},"name":"AMPP Questionnaire","description":"Questionnaire for adding a drug level of AMPP to a FHIR server","exampleBoolean":true,"groupingId":"-ex-example"},{"extension":[{"url":"http://hl7.org/fhir/StructureDefinition/implementationguide-page","valueUri":"QuestionnaireResponse-questionnaire-response-amp.html"}],"reference":{"reference":"QuestionnaireResponse/questionnaire-response-amp"},"name":"AMP Questionnaire Response Example","description":"Questionnaire Response example for adding a drug level of AMP to a FHIR server","exampleBoolean":true,"groupingId":"-ex-example"},{"extension":[{"url":"http://hl7.org/fhir/StructureDefinition/implementationguide-page","valueUri":"QuestionnaireResponse-questionnaire-response-ampp.html"}],"reference":{"reference":"QuestionnaireResponse/questionnaire-response-ampp"},"name":"AMPP Questionnaire Response Example","description":"Questionnaire Response example for adding a drug level of AMPP to a FHIR server","exampleBoolean":true,"groupingId":"-ex-example"},{"extension":[{"url":"http://hl7.org/fhir/StructureDefinition/implementationguide-page","valueUri":"QuestionnaireResponse-questionnaire-response-vmp.html"}],"reference":{"reference":"QuestionnaireResponse/questionnaire-response-vmp"},"name":"VMP Questionnaire Response Example 1","description":"Questionnaire Response example for adding a drug level of VMP to a FHIR server","exampleBoolean":true,"groupingId":"-ex-example"},{"extension":[{"url":"http://hl7.org/fhir/StructureDefinition/implementationguide-page","valueUri":"QuestionnaireResponse-questionnaire-response-vmp2.html"}],"reference":{"reference":"QuestionnaireResponse/questionnaire-response-vmp2"},"name":"VMP Questionnaire Response Example 2","description":"Questionnaire Response example 2 for adding a drug level of VMP to a FHIR server","exampleBoolean":true,"groupingId":"-ex-example"},{"extension":[{"url":"http://hl7.org/fhir/StructureDefinition/implementationguide-page","valueUri":"Questionnaire-questionnaire-vmp.html"}],"reference":{"reference":"Questionnaire/questionnaire-vmp"},"name":"VMP Questionnaire","description":"Questionnaire for adding a drug level of VMP to a FHIR server","exampleBoolean":true,"groupingId":"-ex-example"}],"page":{"nameUrl":"toc.html","title":"Table of Contents","generation":"html","page":[{"nameUrl":"index.html","title":"Home","generation":"html"},{"nameUrl":"background.html","title":"Background","generation":"html"},{"nameUrl":"changes.html","title":"Changes","generation":"html"},{"nameUrl":"downloads.html","title":"Downloads","generation":"html"},{"nameUrl":"mappings.html","title":"Mappings","generation":"markdown"},{"nameUrl":"spec.html","title":"Spec","generation":"markdown"},{"nameUrl":"artifacts.html","title":"Artifacts Summary","generation":"html","page":[{"nameUrl":"StructureDefinition-AMPModel.html","title":"AMP logical model","generation":"generated"},{"nameUrl":"StructureDefinition-AMPPModel.html","title":"AMPP logical model","generation":"generated"},{"nameUrl":"StructureDefinition-VMPModel.html","title":"VMP logical model","generation":"generated"},{"nameUrl":"ValueSet-be-marketingauthorization-holder-vs.html","title":"Marketing Authorization Holder Value Set","generation":"generated"},{"nameUrl":"ValueSet-be-marketingauthorization-vs.html","title":"Marketing Authorization Value Set","generation":"generated"},{"nameUrl":"ValueSet-medication-vs.html","title":"Ingredient  Value Set","generation":"generated"},{"nameUrl":"ValueSet-be-role-medication-vs.html","title":"Ingredient role Value Set","generation":"generated"},{"nameUrl":"CodeSystem-beingredient-cs.html","title":"Ingredient Code System","generation":"generated"},{"nameUrl":"CodeSystem-be-marketingauthorization-cs.html","title":"Marketing Authorization Code System","generation":"generated"},{"nameUrl":"CodeSystem-be-marketingauthorization-holder-cs.html","title":"Marketing Authorization Holder Code System","generation":"generated"},{"nameUrl":"CodeSystem-beMedCS.html","title":"Drug Code System","generation":"generated"},{"nameUrl":"CodeSystem-be-rolemed-cs.html","title":"Role Code System","generation":"generated"},{"nameUrl":"Questionnaire-questionnaire-amp.html","title":"AMP Questionnaire","generation":"generated"},{"nameUrl":"Questionnaire-questionnaire-ampp.html","title":"AMPP Questionnaire","generation":"generated"},{"nameUrl":"QuestionnaireResponse-questionnaire-response-amp.html","title":"AMP Questionnaire Response Example","generation":"generated"},{"nameUrl":"QuestionnaireResponse-questionnaire-response-ampp.html","title":"AMPP Questionnaire Response Example","generation":"generated"},{"nameUrl":"QuestionnaireResponse-questionnaire-response-vmp.html","title":"VMP Questionnaire Response Example 1","generation":"generated"},{"nameUrl":"QuestionnaireResponse-questionnaire-response-vmp2.html","title":"VMP Questionnaire Response Example 2","generation":"generated"},{"nameUrl":"Questionnaire-questionnaire-vmp.html","title":"VMP Questionnaire","generation":"generated"}]}]},"parameter":[{"code":"path-resource","value":"input/capabilities"},{"code":"path-resource","value":"input/examples"},{"code":"path-resource","value":"input/extensions"},{"code":"path-resource","value":"input/models"},{"code":"path-resource","value":"input/operations"},{"code":"path-resource","value":"input/profiles"},{"code":"path-resource","value":"input/resources"},{"code":"path-resource","value":"input/vocabulary"},{"code":"path-resource","value":"input/maps"},{"code":"path-resource","value":"input/testing"},{"code":"path-resource","value":"input/history"},{"code":"path-resource","value":"fsh-generated/resources"},{"code":"path-pages","value":"template/config"},{"code":"path-pages","value":"input/images"},{"code":"path-tx-cache","value":"input-cache/txcache"}]}}