{"resourceType":"ValueSet","id":"be-marketingauthorization-vs","text":{"status":"generated","div":"<div xmlns=\"http://www.w3.org/1999/xhtml\"><ul><li>Include all codes defined in <a href=\"CodeSystem-be-marketingauthorization-cs.html\"><code>http://example.com/fhir/example/CodeSystem/be-marketingauthorization-cs</code></a></li></ul></div>"},"url":"http://example.com/fhir/example/ValueSet/be-marketingauthorization-vs","version":"1.0.0","name":"BeMAVS","title":"Marketing Authorization Value Set","status":"active","date":"2022-04-27T10:23:48+00:00","publisher":"My Organization","contact":[{"name":"My Organization","telecom":[{"system":"url","value":"http://example.com/committees"},{"system":"email","value":"my-group@example.com"}]},{"name":"Bob Smith","telecom":[{"system":"email","value":"bobsmith@example.com","use":"work"}]}],"description":"Indicates the Marketing Authorization for a product","jurisdiction":[{"coding":[{"system":"http://unstats.un.org/unsd/methods/m49/m49.htm","code":"001","display":"World"}]}],"compose":{"include":[{"system":"http://example.com/fhir/example/CodeSystem/be-marketingauthorization-cs"}]}}