{"resourceType":"CodeSystem","id":"be-rolemed-cs","text":{"status":"generated","div":"<div xmlns=\"http://www.w3.org/1999/xhtml\"><p>This code system https://costateixeira.github.io/be-medication-concepts/CodeSystem/be-rolemed-cs defines the following codes:</p><table class=\"codes\"><tr><td style=\"white-space:nowrap\"><b>Code</b></td><td><b>Display</b></td></tr><tr><td style=\"white-space:nowrap\">AP<a name=\"be-rolemed-cs-AP\"> </a></td><td>Active Principle</td></tr><tr><td style=\"white-space:nowrap\">NAP<a name=\"be-rolemed-cs-NAP\"> </a></td><td>Non-Active</td></tr><tr><td style=\"white-space:nowrap\">EXP<a name=\"be-rolemed-cs-EXP\"> </a></td><td>Excipient</td></tr></table></div>"},"url":"https://costateixeira.github.io/be-medication-concepts/CodeSystem/be-rolemed-cs","version":"1.0.0","name":"BeRoleIngredinentCS","title":"Role Code System","status":"active","date":"2022-05-13T14:46:23+00:00","publisher":"My Organization","contact":[{"name":"My Organization","telecom":[{"system":"url","value":"http://example.com/committees"},{"system":"email","value":"my-group@example.com"}]},{"name":"Bob Smith","telecom":[{"system":"email","value":"bobsmith@example.com","use":"work"}]}],"description":"Codes for role in ingredient level ","jurisdiction":[{"coding":[{"system":"http://unstats.un.org/unsd/methods/m49/m49.htm","code":"001","display":"World"}]}],"content":"complete","count":3,"concept":[{"code":"AP","display":"Active Principle"},{"code":"NAP","display":"Non-Active"},{"code":"EXP","display":"Excipient"}]}